"","exp","means"
"1",4.182561119538,6.99445288429186
"2",9.58159068557334,3.88852236538473
"3",0.408720654773111,4.37797325266949
"4",0.980974263511598,5.78291390775742
"5",6.74356681273735,4.71213608862743
"6",6.11654538066762,6.02394643112579
"7",2.01677583856508,5.90274815579859
"8",11.8165860411929,3.79199140091209
"9",6.87126411104059,4.6259684001013
"10",0.473170625593495,5.51766051236123
"11",9.91755192126048,6.31402086573264
"12",0.635584036723394,4.85894641358002
"13",1.55694781569764,5.31373851765426
"14",0.816240035928786,5.05989821918059
"15",2.26300829555839,4.91476005380565
"16",3.06505530606955,6.48442303771129
"17",1.81018554605544,5.13518706602449
"18",8.2366315018854,4.53114373387783
"19",17.222966364676,4.36358746962735
"20",0.34177587171017,5.48515324214959
"21",3.32551583175521,3.93687403789532
"22",5.82266643156713,5.0838058864792
"23",0.887218381336774,5.62268684290051
"24",1.02557379053906,5.48034452418325
"25",5.94142344759262,4.81050290088059
"26",2.36845550825819,3.59952565443066
"27",19.6500262141901,4.83231843227725
"28",3.03806370589882,5.98746609285685
"29",1.26679590670392,6.36184301983936
"30",6.5486640294776,5.37538842248284
"31",11.9787248497115,5.02458897103216
"32",6.09242794134734,5.36063588007028
"33",6.39096781599754,4.1256229085148
"34",2.5397547101602,4.5508658058318
"35",0.300590682309121,3.88667719044787
"36",3.81164754813624,4.95253790303707
"37",2.66736952820793,4.60713053905845
"38",24.4066204954137,5.83660039483444
"39",7.55654067690385,4.8453356876288
"40",0.551398579881198,5.67227142459496
"41",6.61997457479543,4.55988863050619
"42",7.71402862317769,4.67395979548612
"43",0.152825661934912,5.05793285427908
"44",0.0252428743988276,6.23498170830164
"45",5.14878772178149,4.49813267909816
"46",0.767234814818996,4.68485309012372
"47",2.05029397038743,5.21933365014374
"48",0.691473479382694,4.57549981071785
"49",8.58478258321893,5.06041927016154
"50",0.987012871417335,4.1745707599895
"51",3.38275145273656,4.77020431026875
"52",0.58854108909145,6.54228535988662
"53",1.97690243832767,5.01638914001265
"54",0.564880883321166,7.78939376291008
"55",7.25188096943212,5.18544713771522
"56",0.322140564676374,5.72770379847525
"57",0.655216341474288,5.85677633216094
"58",17.9670861272459,4.83616690230479
"59",9.22656664582801,6.14622403881713
"60",4.33794211575246,4.24137699990194
"61",1.13168262410909,4.49829846210372
"62",7.57061492609692,6.1883804469891
"63",8.00421859287713,4.53169750097811
"64",1.85482894147608,5.21127020363536
"65",1.22026291210204,5.16827116656016
"66",3.27965465374291,4.25855623842841
"67",4.17891916797912,4.56306329913732
"68",3.26103962259367,5.03326764299231
"69",1.124746510759,3.22269372507674
"70",0.814156120177358,4.29748742122322
"71",11.0237853295759,4.0435410004181
"72",10.7930608739363,4.13512228155641
"73",1.67433155002072,5.21996190001878
"74",3.69653505040449,3.46620759014193
"75",3.35735863307491,5.15063878026691
"76",11.1339216393636,3.82733216188805
"77",9.18174902866495,4.09125330430597
"78",5.59518804752684,6.13726418404641
"79",2.11482546757907,5.7867465569038
"80",4.61180421037084,4.74249226548146
"81",9.56584528977883,5.33054242211249
"82",0.124255437403917,7.38356538552362
"83",3.30551706254482,4.86901585231416
"84",8.58542444239319,6.00318251493307
"85",2.33267919393256,6.85120957780574
"86",3.30264440039173,4.44575451086895
"87",8.26154878321004,4.5213369877284
"88",2.01673993085061,4.87564322547106
"89",0.625636857553119,3.90795797569647
"90",3.06342896539718,5.00736450793685
"91",0.105579434791639,4.25819329696708
"92",0.89901479524178,4.52654599551393
"93",17.6480059794508,4.87948788769247
"94",13.4663731691645,4.25854772835928
"95",1.17090803803876,6.68411164739539
"96",5.37165733498937,5.91021086332772
"97",3.98197151233858,5.156199171526
"98",5.35910977029658,4.07468948997839
"99",2.73260054411367,6.80426185559389
"100",8.85408678981376,5.91139839620583
"101",0.101964872274558,5.14941391781757
"102",4.21762203776952,5.57106691302049
"103",2.37493195338175,4.95224862543565
"104",7.69282605617299,6.67656893967452
"105",7.59195178705168,5.36146044800743
"106",2.14115352752771,4.06378694660037
"107",1.86104256892577,4.63302696698799
"108",10.1874375432254,5.00623520750489
"109",2.17313430970535,5.59700573935624
"110",22.6355917180393,5.03790522387592
"111",7.38291928167708,3.57921511307582
"112",9.23790575894427,3.44508265904629
"113",1.87131479615346,4.17048465816455
"114",5.12305498567826,4.21342242300514
"115",4.79044653919941,3.37003673698277
"116",6.81744194568551,6.38586883584432
"117",3.32638683030382,6.68476858567702
"118",0.813660740386695,5.14680326963783
"119",1.50545759825036,5.68591609468293
"120",5.47086501473045,5.69978201291833
"121",5.63948380870603,4.70918379430438
"122",5.82140496445304,4.82260191272003
"123",0.363928645383567,6.5298958321622
"124",8.39620564918891,4.82168901009874
"125",9.90816824096155,3.37277419118978
"126",5.95656301805234,5.3754103861894
"127",5.1646863108263,4.89473347542331
"128",9.6446134052695,6.5576473843395
"129",0.580808657687157,4.39800255361406
"130",0.0915771257244167,4.66426212956164
"131",1.11748500145268,6.35348106064593
"132",1.52469565626234,4.9701161885671
"133",3.41672391165048,3.20853886174726
"134",11.8137978662955,7.02248964329969
"135",1.80284393951297,5.401462257972
"136",0.722421899950525,5.66768618175255
"137",9.75107327061606,4.10440543698566
"138",6.83660463874644,5.2232594809305
"139",1.29320977022871,5.19488406887725
"140",7.31810909832546,4.54459698767634
"141",1.38601829530671,3.99757370850022
"142",7.98070621029186,4.47183246882591
"143",4.54788236857808,3.98211615045913
"144",0.699454364366829,5.1238615700985
"145",1.71637988787396,4.70450595289016
"146",8.95156881729972,3.57973675502702
"147",5.15027149559415,5.20669418165286
"148",0.010815707501024,4.17460431686749
"149",3.06161949643865,5.55480698700823
"150",2.02333831926808,5.0837907283838
"151",3.13437534729019,6.51291928400588
"152",3.87860706986344,3.85505798258583
"153",6.79545817410058,5.58452372973836
"154",8.08840048457396,5.83403633366998
"155",1.53690591687337,4.08603838553739
"156",11.0533464041756,4.89612978092211
"157",2.25548215210438,4.70196189598118
"158",0.481408657506108,4.63602643899767
"159",6.54189649482674,5.24506606644067
"160",4.46040541378266,4.36944048219975
"161",1.96553603745997,3.21810705251193
"162",0.667561638522621,4.73875151491299
"163",2.69573335535824,5.28059786104624
"164",0.968187646276316,4.59375613284413
"165",0.638799066655338,5.1659193922147
"166",0.351715099396945,4.36202187669011
"167",9.50125199700606,5.16182940349839
"168",9.15011104136428,3.74007567559486
"169",0.142948802094907,6.87054521341834
"170",1.48682670434937,5.15641138277507
"171",1.99241710128263,6.58426937700161
"172",0.92940456001088,5.22535945919214
"173",10.6062480894135,5.73790423957803
"174",1.70133780896554,4.02161782344262
"175",6.39562263332046,4.53560201560035
"176",6.93959089885366,5.22190310536542
"177",5.13494963854018,5.84135626870734
"178",2.88912805728614,4.37566991575829
"179",9.45341136264515,4.99650572218564
"180",16.166734843606,5.94206132619826
"181",3.66594989909755,5.3850340501011
"182",13.187526789795,4.75312876122215
"183",4.25714751548149,4.19323767494704
"184",1.93709712009877,5.1215566061974
"185",1.12664912249799,5.68961042402808
"186",2.4534590379335,6.24319507969026
"187",2.04078883398324,5.04801718362117
"188",1.92381653278961,5.39261027287259
"189",3.83374659689323,5.02090544682133
"190",0.723439455032349,5.65664583125398
"191",3.03703792858869,6.09206629179452
"192",3.1889270991087,5.8573314756319
"193",2.01722854748368,4.68870459920311
"194",2.32212617077905,4.61890015175148
"195",5.3323641696707,5.21800428603976
"196",1.0834954500016,4.9111019348904
"197",6.32319287375963,4.95762173201951
"198",2.31882359366864,5.37093146906667
"199",13.9224198161201,7.18201855030779
"200",1.572997411713,5.63122275762669
"201",2.72315690526739,4.666485232149
"202",2.20532924635336,3.91785310659835
"203",0.00642196231054654,5.2589972955843
"204",1.1046365289768,4.16272179847049
"205",2.30573534965515,4.79741010385758
"206",6.64734119528389,5.36871909977961
"207",5.84521126912391,5.22327904905643
"208",3.21002577664331,5.10348210399868
"209",1.69956827303395,4.57789166523829
"210",10.2568039386989,5.38782750308979
"211",4.18172821253494,5.94122079004004
"212",12.4377814073385,4.54783396130224
"213",0.718387288507074,5.20033781791415
"214",3.29074822594913,4.34329389917666
"215",0.105624095919837,5.7685644948091
"216",1.68825175380334,4.81164937023433
"217",3.83698387981808,4.96994180774732
"218",4.0152215513506,4.84336000497905
"219",8.98094087125172,6.33537879150011
"220",1.25881664292717,4.89996328963985
"221",0.456501063890755,4.69559593098276
"222",3.56556099352843,5.13893706274827
"223",2.95842223102227,6.19956167193442
"224",1.50945563334972,5.47640240437876
"225",0.0776349217630923,4.51253114645717
"226",1.98138440027833,4.88505550930574
"227",1.0217791586183,5.44093200107092
"228",10.4378444788264,4.41746190072422
"229",1.3212586301543,5.97740609629554
"230",2.85222697537392,4.68191525273524
"231",3.76708608099675,5.39615995620076
"232",8.01076788413239,5.2238517537448
"233",0.803825075908314,4.5799578924176
"234",0.29456875519827,4.10527340486651
"235",3.20332383038476,6.03753644398748
"236",0.0127609641970408,4.95048448229373
"237",1.08134950976819,5.15944527749037
"238",3.43832052312791,5.33607374285048
"239",5.00923531574613,4.99233277330265
"240",6.05045768411315,3.85481908136284
"241",19.3744044008518,5.76585078987408
"242",11.5281359127856,4.99114497338332
"243",9.81132516595435,4.41657654040591
"244",4.94232323845385,4.8966738878586
"245",2.6681313640438,6.88071127438258
"246",1.94029072761784,4.94124950608466
"247",0.460011162480235,4.39880473530907
"248",11.1689344004906,4.14527141142366
"249",16.1792774117532,5.68143978496198
"250",1.41883172314961,4.37038417481051
"251",0.0351207237690687,4.46838927305114
"252",0.13806626963832,5.54036821738369
"253",6.66546313536769,4.59179748878472
"254",2.82452577957883,4.64340477167963
"255",13.0209567857193,5.43917238367779
"256",1.47698354441673,3.3108724243815
"257",1.06869774870574,6.60594257919692
"258",8.66778157609415,4.25103530072169
"259",8.45253729092019,4.69812006724654
"260",7.76471444614432,4.31524117168182
"261",0.00278671980370214,5.88687345493051
"262",1.15350275573001,4.85829682566402
"263",2.44518674677238,4.78403075745876
"264",4.39239259788251,4.75503743616316
"265",1.90466175787151,4.53458571749264
"266",4.6368715490908,5.40492250166513
"267",11.5135831018745,4.35243003009393
"268",2.61775080580264,5.8302445811044
"269",3.40844193473458,4.73069757790371
"270",0.672186310403049,4.60408140254801
"271",0.284579929430038,4.95903085059879
"272",0.250575100071728,4.46454948296103
"273",0.229940309921559,5.8220871247719
"274",2.52602953929454,5.38825347321803
"275",0.0404658750630915,5.34065724119967
"276",1.17533911485225,4.31336669285661
"277",2.35668292734772,3.02206246043176
"278",0.292987634893507,5.0995298719839
"279",2.14839952765033,4.53071067026925
"280",7.58111931099925,4.9974677567531
"281",12.6146035892324,5.40893596578645
"282",2.83540754113346,7.35539570221131
"283",6.89763221403068,5.89567575425606
"284",13.1690817599403,4.80079977348617
"285",4.55495656858926,5.73483354722336
"286",5.62172228370807,5.15055427992152
"287",0.500772791663997,3.64700383991485
"288",3.67010552076932,4.45184142714387
"289",17.6289978016003,4.56464882489472
"290",8.40392385567439,5.06899792032341
"291",0.87417570874095,5.60141155659403
"292",0.631206477992237,4.36682873969311
"293",12.0446975616025,4.01909486009688
"294",4.786474853544,5.71058347660146
"295",0.580605186987668,3.87602294908646
"296",11.6186730836736,5.90449875576526
"297",1.99353594565764,5.71120164812922
"298",5.72403011822558,5.67855663587247
"299",9.26183913792384,4.57236843038897
"300",4.0578342785821,5.45141716376651
"301",5.27508019527908,5.69367407315143
"302",3.51668677709919,5.05652316926171
"303",6.55540780143297,5.77528062208601
"304",5.57745612205422,4.36899780114494
"305",1.6463670344092,5.59184711913616
"306",6.72907447421408,3.82207136833058
"307",2.6927978801541,5.52709484948711
"308",0.981672427151352,4.89067490331233
"309",15.9282648182454,5.32950914285969
"310",5.62923111931837,4.39665971132043
"311",7.83685597549093,4.45743418032313
"312",18.2338983834463,5.48924745449623
"313",1.04189463186847,6.017281262737
"314",9.28868301170778,4.52264173576439
"315",0.614752403926104,4.77528787958778
"316",5.85042174884534,4.67856969129334
"317",2.33004311099648,4.09954766830217
"318",6.46296173778778,5.51119809822461
"319",0.973667427897453,6.16562222762608
"320",11.1841694049505,4.72622199293012
"321",4.51198762261725,5.50534089138466
"322",8.0962140712117,4.05085576194044
"323",2.06718069335636,3.58239374332623
"324",2.64856602763757,5.61278183968601
"325",0.673832345122177,3.94046504786067
"326",0.886945666279644,5.25875706758664
"327",12.8403935854541,5.83133982869216
"328",9.30259635640015,4.12004411868794
"329",4.85036388949907,5.05632131819515
"330",8.08469828176212,3.99942557878208
"331",9.07471205997181,3.81237001140018
"332",5.84120145512229,5.75050448100018
"333",2.99349481472746,4.72482553869618
"334",0.584089041221887,5.82072034144026
"335",5.0235494643212,4.14895412874284
"336",6.36850195450193,5.12324615638181
"337",1.07652144040912,3.90986744199885
"338",2.18126937514171,3.96804594687792
"339",9.14610390509379,4.79092203312471
"340",2.08508170209825,5.88538162846082
"341",12.0396181302256,5.51044248725007
"342",0.622987819369882,4.8751804378676
"343",4.36296945416784,5.14382516828203
"344",2.59849245194346,3.76056461662672
"345",0.21209318889305,3.90210366077115
"346",3.06390236364678,4.72655261171438
"347",4.50567045928753,5.68790667262461
"348",0.15700617339462,5.48616600916263
"349",5.92225740134131,4.78089525188107
"350",8.67831867560051,4.25570250684906
"351",2.5833316356875,4.14811003828416
"352",11.0617625023933,5.09310872575398
"353",11.2891437013851,3.84032626164521
"354",15.38676623171,5.75821759857514
"355",2.35373103892166,3.55957352872088
"356",28.5767767038894,6.21132341524393
"357",0.0191410694594749,5.48407760423888
"358",5.95879032721228,4.73932695682893
"359",12.8172242355751,4.9610224829503
"360",0.804089424200356,4.72350762658742
"361",4.01549202369011,4.57193497850788
"362",2.07833384163678,5.52584732471192
"363",0.99283360876143,5.81588488562611
"364",6.11087195554233,6.83933877467453
"365",0.365808254573494,5.93900825293204
"366",1.34593729395419,4.95790334279312
"367",10.4634707135366,4.80821353055388
"368",4.72620860637588,5.26254278317659
"369",5.91719959841526,3.10696317778922
"370",3.58478289043038,5.30962578517373
"371",14.2199026412311,4.66671318168603
"372",3.56615155592853,4.23119215341713
"373",5.52350841907269,6.34645043596693
"374",8.07729293523475,5.88459598441895
"375",2.55861287936568,5.20824285538983
"376",1.41116466140375,5.27093432471851
"377",1.8619427527301,5.66313855708434
"378",0.21621240535751,5.85151232657644
"379",3.62218878861715,5.3586564026646
"380",9.87878708126855,6.49642990718553
"381",0.498311002738774,4.24327235394351
"382",3.1950947502628,5.64521626816233
"383",5.82797168267375,3.09091165791458
"384",13.7438281153547,4.30831676290217
"385",20.1771720767695,5.87061358176585
"386",5.71130944780316,5.27964052971727
"387",0.727780945599079,5.37010735405568
"388",0.748653864189499,5.23529799002148
"389",11.439288118224,4.6694926120483
"390",11.1626338366919,6.61408066564371
"391",23.1584248865459,4.75520406836208
"392",2.26253624074161,4.51785850931276
"393",4.94619042236142,5.16162767405132
"394",0.966739723414115,4.29599338491995
"395",5.53220065755254,4.89358342360067
"396",0.2466427939875,4.89600229802053
"397",2.33988843858242,4.99373302496093
"398",3.13694763928652,5.67057812302638
"399",2.56620692322031,4.9514448626279
"400",7.59299599502529,6.09856000051129
"401",2.72029174026102,4.49100845823016
"402",6.96186196948302,4.325174236658
"403",6.32964300436384,4.6067035015051
"404",5.39810761788345,6.27032305119986
"405",7.21381028140795,4.78286097666619
"406",8.99247629525972,6.37539221573789
"407",3.84255901044446,4.27021989810796
"408",2.52600708743557,5.12236619624919
"409",0.0524468044750392,5.38128700187359
"410",0.965424568857998,5.17512837739353
"411",3.62460275620486,3.83882694000538
"412",8.11960175591421,4.36589701593107
"413",1.05512851486373,3.31116852715168
"414",4.63321453581357,5.95445929317739
"415",2.37266735639423,5.33482023719106
"416",4.02185969572832,4.01669178945294
"417",8.67061763959837,4.82336254690974
"418",3.34691653493792,4.28786188547252
"419",6.53068982509381,5.28286705536697
"420",1.53489849008437,6.43309428331052
"421",15.9150309107246,4.37230113455999
"422",1.34109869133681,4.4290752332578
"423",9.9506637822361,3.90525578967268
"424",12.2480962698566,6.42091629473151
"425",3.64450219997621,4.32279534670508
"426",1.47280837409198,3.86492523889117
"427",0.39772626478225,6.37361862028596
"428",1.80511972634122,5.15867915331793
"429",1.94795731222257,4.2729728562182
"430",14.3577313138089,4.72711707529901
"431",27.6947187710751,4.39400523125486
"432",0.61229124199599,6.2754212718698
"433",1.72555503668264,5.78305011946274
"434",15.7146351403537,4.61798438553901
"435",1.69096401892602,5.46631105114836
"436",0.405668173916638,4.80623600025999
"437",2.38550963811576,4.21128747483305
"438",6.80025794522321,3.39098046264117
"439",0.0279034581035376,5.62061496366805
"440",4.13185829275703,4.94103628979167
"441",8.82226516573231,5.18356597716822
"442",0.946509475011948,4.50505388991847
"443",2.11830060696229,5.25314153956293
"444",0.11405996279791,5.31172558178899
"445",1.10378475161269,7.24553400635846
"446",4.03570772593325,4.51910554061874
"447",6.28914937355971,5.85424145085581
"448",0.0841657096629587,5.8245470285721
"449",4.84814519041634,5.74680953441619
"450",7.45268896180105,4.39182144357757
"451",7.64878929695436,6.20281375973459
"452",7.65970364651683,3.65254873965934
"453",4.48509166171342,6.6263860090573
"454",8.22826879057002,5.36798329842642
"455",4.96798995861268,5.38598134327888
"456",0.0442526978440583,4.22734637462291
"457",1.47875724360347,5.01883341182262
"458",0.383571770507842,4.1829143166229
"459",14.4962139791789,4.20663333252141
"460",3.17148714559153,3.22007636661226
"461",0.115258453879505,4.68304309158615
"462",2.95058061135933,5.88189235892409
"463",3.71657872298361,5.30371961032162
"464",5.94499009174711,5.60465692879336
"465",8.92121625791912,6.33636525702274
"466",10.1968482132525,4.1137099866821
"467",1.67447349682824,6.1196819208005
"468",3.57246086911714,4.56064059849226
"469",1.44936662400141,6.03463193842413
"470",7.2128435978501,4.6398336765702
"471",4.4620960892438,5.45370612844639
"472",1.37341724475846,4.40474916542837
"473",0.759896230602243,5.63260398949799
"474",4.90778421318704,4.7885499320496
"475",15.0195496520939,6.57099517600123
"476",1.66829810244963,5.24381994389598
"477",1.68561594196533,5.70048415190057
"478",14.3231941006126,5.2897472970389
"479",1.43284471434984,3.35761363834717
"480",5.89823634808368,4.34834996921111
"481",6.06784013078964,3.83089010308178
"482",6.1470270021101,4.63698074067913
"483",1.66570779562005,5.2061607944152
"484",3.46022265031934,4.50085692961858
"485",2.9139934363775,4.1176609224207
"486",2.24897764623165,3.57963616604991
"487",1.53674599016085,5.52552841049231
"488",0.642232125700536,6.10184105115297
"489",1.78873136173934,4.74210674737266
"490",15.4831574103775,4.90950655963986
"491",0.753362402038344,4.62023266145716
"492",4.52221161199218,6.36719551309119
"493",2.4491156055592,4.51670103236545
"494",1.58859388902783,4.10215960468985
"495",13.9126284039559,5.34813230961181
"496",9.27722330163133,5.5837391142211
"497",5.59365503934628,6.10483189355154
"498",11.0225654480265,5.19193179318866
"499",0.525669600634398,5.662305012715
"500",12.4688745190607,5.4547127136948
"501",2.06500662025064,5.51224298407738
"502",0.274927590508014,6.2125978925769
"503",9.38640464055252,5.13601355100191
"504",3.07233312167227,5.349793884479
"505",15.4389306894484,5.99182818653072
"506",7.08322953810799,4.21810542768149
"507",1.06579830404371,4.93081355638846
"508",8.88149561946092,4.48458917227978
"509",12.6722003233837,6.46576749105001
"510",2.13181445375085,4.17703535484022
"511",1.99220063397661,3.6501857190987
"512",18.1872970879751,5.13789866349246
"513",0.940387939824429,6.62138252739555
"514",0.442255483940244,5.37466823531806
"515",1.86477002920583,6.563103507215
"516",6.22679158558554,5.46789213447001
"517",5.53911518827129,4.12171581529149
"518",6.16989686383657,6.35113943326959
"519",2.1888361298863,4.7390543739486
"520",4.36346054846004,5.28744612519791
"521",5.76104661894447,6.86869579126187
"522",8.61587501088989,4.36211090451489
"523",9.48726818854821,3.8336214214159
"524",2.7108544632005,4.0359260326932
"525",4.01123867814845,4.16711465305937
"526",0.447243833223133,4.26723646569493
"527",4.96736325768238,5.0522114622743
"528",25.9386404229153,4.06382439680717
"529",0.0835350676136362,4.58116791658279
"530",7.52299440051329,4.6845786279637
"531",0.0543556730667728,4.29822780068543
"532",0.135084130870944,4.41815425911807
"533",0.829334757533056,4.71485105893688
"534",4.9581453388319,5.10235491799554
"535",1.18913041606902,5.31903719437516
"536",6.85563147978342,5.06563574128066
"537",7.2868339992584,4.77414993850756
"538",4.87127413749115,4.72869174401777
"539",6.67726690394288,4.29366439685199
"540",17.779991653629,3.70539200011624
"541",4.31346046251661,5.29990494878783
"542",4.94085865539914,4.45807900200649
"543",1.05575012275949,4.03762067665796
"544",4.85909541490384,4.96337405023773
"545",3.81148435154414,6.133439014102
"546",5.05542477571821,6.44709345849491
"547",13.5917609458076,4.76394175248984
"548",3.57087927849448,3.89003630257346
"549",1.52511598586302,5.05434332054935
"550",4.39164191159518,5.61031909743633
"551",4.90463107803321,4.40442245199123
"552",1.33558856955256,4.88772060997965
"553",2.23780129337683,4.03726518442352
"554",6.31414414362466,5.79045392698938
"555",4.15017682364633,5.27229117875558
"556",12.9462693532215,4.10918343949013
"557",4.5800564873686,5.19590876904297
"558",6.87799515181637,6.06565624267591
"559",0.792849943973124,4.73927366440351
"560",1.77164339926094,4.31768192774568
"561",3.9420502677322,5.44757588489386
"562",2.80374409630895,6.77373525732485
"563",2.53084640018642,5.11913834213883
"564",6.45373515298075,4.56836886783457
"565",8.15656881737423,5.78743365395496
"566",0.695556907448918,5.02927008773727
"567",3.15704320557415,3.67814090315358
"568",5.35201294792301,3.91698062470429
"569",8.9914738568933,5.58991801672345
"570",7.21254314087068,5.31971169063941
"571",2.84773227525875,4.53876904129898
"572",1.19316270824666,5.45291988283342
"573",0.613555223681033,5.68094029421219
"574",3.98850637932724,5.42967966408472
"575",3.47442742701169,5.30305394278761
"576",2.59197004837915,4.81927061219339
"577",1.74507400253788,5.64242158816201
"578",4.03569653824876,5.58391894327792
"579",10.6706664239274,3.73403697690216
"580",1.413547412958,5.4527682146007
"581",10.7267416224901,6.02045119175219
"582",17.0712875193896,5.76280220532788
"583",1.79192926967517,4.21067288420734
"584",2.32992178061977,6.33931414090978
"585",7.92366886469436,4.36896751080379
"586",9.4971146293771,4.427513500163
"587",0.561354286037385,4.61682339089068
"588",4.90537734215564,4.40009596617806
"589",3.27655754284933,4.48990143805629
"590",5.25399404091245,5.10372494943228
"591",3.63475980160495,5.57574743492467
"592",0.468859940301627,4.76150302601306
"593",0.326894733589143,6.02346915376462
"594",7.83064674544049,3.48678803442863
"595",10.4975656152307,4.78967988014197
"596",3.39228256838396,4.12905505246051
"597",0.654626656323671,4.72123673773434
"598",16.1921453840079,3.98116754098572
"599",3.75899136143755,5.72153678575096
"600",2.74108683457598,4.30437649550245
"601",1.21856077053848,4.39059059206566
"602",0.202809534966946,6.18601252462936
"603",4.76464017008273,4.66237152464494
"604",6.93823277998193,5.59233162379024
"605",12.3213468392597,6.32171824752859
"606",6.42900695071972,4.3618467831437
"607",1.84625873346908,5.23210906349235
"608",7.45424175583676,4.72763237732536
"609",0.151053993031383,4.49798190142327
"610",13.8222772342371,6.01593032234224
"611",1.85532961040735,6.28307894624663
"612",2.3171262210235,5.9374066593787
"613",1.95198859786615,4.63677254808527
"614",10.1980259079011,5.32593298839902
"615",26.2716018952207,4.07192493261517
"616",2.0213219942525,5.08079518932103
"617",12.1042572048711,6.35025293814938
"618",0.893621928989887,5.34914055231846
"619",1.02135091088712,6.51424593071756
"620",3.35369689390063,5.80765534886448
"621",0.915340937062288,4.39173886030412
"622",1.66007323423401,5.78892628868285
"623",2.73628973169252,4.98417224975001
"624",3.5839163509891,5.38458527139441
"625",9.68186067375255,4.57818254095541
"626",1.93462352602781,5.3179021438031
"627",1.79324592023395,5.06342682663231
"628",1.21191127458587,5.45949038242156
"629",5.2893819704414,4.35785916943089
"630",3.78495414720333,5.22261249802765
"631",0.332545943092555,3.9733377040449
"632",1.53317546937615,5.61021295091805
"633",1.62823583976192,4.37015774594831
"634",5.81323407103723,4.60181104125279
"635",14.3441211796346,4.16541289891069
"636",5.43202143403567,6.10806282609133
"637",7.84423799598084,5.50354002796725
"638",6.42031334319568,4.91948316628054
"639",11.5175410633193,6.27805202177014
"640",5.6450635192678,6.10117315588683
"641",14.940921961421,5.97222689921304
"642",3.89970614160508,4.36407902962311
"643",0.895813596434891,5.28806266372567
"644",4.49730797649777,7.13509017281946
"645",0.252345003407862,5.6620388699481
"646",5.85836718303567,5.55728857547115
"647",0.261500729965367,5.08642679238321
"648",0.381260483991355,5.69669017929189
"649",7.30165835125525,5.19223945108402
"650",9.86683778422785,3.72091376552396
"651",0.691987429745495,4.52121706622668
"652",4.42889275473958,4.61317687975938
"653",2.05016951275366,6.68062480975757
"654",9.40559387165022,4.97167428465054
"655",3.66397687572579,5.5675975030394
"656",0.323069869598946,5.98961710732218
"657",16.3240122414174,5.6133569655194
"658",0.875429860316217,6.49619652181122
"659",1.29342912540906,4.57698097679857
"660",0.0729573432255808,3.48561181601858
"661",3.7082536932492,4.20333874873458
"662",4.7840008688123,4.98525409703431
"663",6.38253084828562,5.83517758385499
"664",0.505306083787193,4.34091513426305
"665",5.28325113912529,6.92088784402377
"666",0.40834077866748,5.90302794184507
"667",0.873639027122408,5.18784400093966
"668",3.51814790142185,4.08067686220823
"669",1.5762815098705,5.36157083991557
"670",5.06250455023205,3.71548132157991
"671",10.9072936785625,5.73772817093017
"672",2.93476331047714,4.95476353044797
"673",2.3370562796481,4.904610305732
"674",7.45756408963474,6.65883401291688
"675",2.30159410042688,6.04531201576108
"676",13.4601436642216,5.82188772534484
"677",3.69058120324073,4.907054374747
"678",21.4411503995273,5.4154845058096
"679",2.60311695281416,6.0791266276014
"680",7.42860062937153,4.61900865460164
"681",3.30390681512654,4.70305248096444
"682",0.547883342951536,4.80441877515077
"683",5.25204933981616,5.38554467801926
"684",3.35877255536616,4.82248568515208
"685",2.91689263423905,4.20257660982225
"686",4.66729046290225,4.15041894041697
"687",4.48332031702107,3.72743490486474
"688",0.600901724174613,4.52376985824616
"689",6.02165648227042,5.35849643884333
"690",9.16340209935076,5.110867507629
"691",10.8963342097806,3.87659607238967
"692",9.67360670636308,4.8065285488187
"693",6.35897391664278,4.7273341981244
"694",5.18451577497131,4.42754920751137
"695",0.882954798950531,5.71874431191978
"696",0.727266156889363,5.07494058770806
"697",1.37362611480057,4.73335323442707
"698",1.08597977780889,5.23663856880091
"699",1.38288540765643,5.09536566050232
"700",0.131588340310057,5.36224292655501
"701",5.13246333671218,4.28019648620457
"702",23.649967702708,4.47107167070529
"703",2.73380920987793,5.92601675099411
"704",8.68213755036605,4.47508497327869
"705",4.58790250598691,4.73870995396079
"706",0.998570834421172,4.69199864498565
"707",9.87080246168089,5.96460519970891
"708",2.79127642977983,3.53072013344439
"709",4.34666028713018,3.84055636552428
"710",0.618528495542705,4.82692278127935
"711",3.28471301356331,5.72426401528909
"712",3.06827554712072,5.21186361929691
"713",0.841365742962807,5.52933626402793
"714",3.57410197186054,3.88135802952096
"715",4.87863209689263,5.16038170155328
"716",3.58942036961621,5.08197500366953
"717",22.629205676398,5.05097695430986
"718",4.13377402794963,3.75510386514887
"719",1.62115588085726,5.15607635939574
"720",29.8831456137781,3.52929714504643
"721",0.470122136175632,3.95976444662001
"722",2.77957256883383,4.33855357709709
"723",9.12647291044605,6.38093341884959
"724",5.35981780090838,4.22630286776386
"725",1.00863949861377,6.03482530208251
"726",6.28849283305413,3.96868578051649
"727",0.31346024479717,4.35972072066822
"728",1.31984378909692,5.27700810755241
"729",5.0151986194272,3.85490028805496
"730",11.1264885676311,3.14415749748639
"731",23.8831409240577,4.957500259643
"732",4.82243066632605,5.2713977680994
"733",7.95012009288085,5.1309367711431
"734",2.81642249319702,6.15477846447386
"735",5.07187180200076,4.32024503143902
"736",1.15822860867252,5.2636156774519
"737",8.71228924910438,4.58099366890217
"738",11.0829626397332,4.59106501936754
"739",6.0974859537319,4.26300965236562
"740",3.05042248452082,4.54587961949991
"741",7.4733313261987,4.34788625427902
"742",2.04610006066465,4.89843154336311
"743",4.37268437331027,3.71036257541291
"744",11.9377218832722,6.26464148081218
"745",5.18526775275773,5.4449292096416
"746",1.28567902138457,5.00972798188198
"747",1.57703935168684,5.76208725787247
"748",4.99330645610237,5.9710564289577
"749",2.65405962243676,4.19101066210756
"750",6.29201431272036,5.09595147761512
"751",15.6921296185794,5.5309220566812
"752",3.25918165501207,5.46020371173372
"753",1.60867902217433,4.18020302540248
"754",9.48100651572359,5.19343340208658
"755",12.2701234530047,4.23570254269565
"756",13.4748620744024,5.2289127975739
"757",0.490665340152264,5.37192858515299
"758",0.135023749948748,5.79026126676565
"759",1.33597111096606,3.81482806765934
"760",3.14566169865429,4.65244712315574
"761",7.29247542987478,6.2295400379408
"762",18.0522354961115,5.96207926238356
"763",11.2578012984884,3.49382400170415
"764",0.414817447308451,4.63979638715128
"765",2.6332532777451,4.07874051526491
"766",2.66362476628274,4.98911043193585
"767",1.46279088721858,5.77505690396413
"768",0.088565880432725,5.06144528910444
"769",12.0565129903363,5.14701602644376
"770",1.50741699384525,4.38133435419428
"771",21.150679233155,4.65822966239497
"772",5.27627266456789,4.39129892975544
"773",2.71707729203627,4.27893405260385
"774",5.99243057627434,4.23146366877503
"775",8.46397141883981,5.04427299922997
"776",3.07629634160548,4.95849779001649
"777",0.120418445851451,4.49580508583412
"778",6.84983511434353,6.46633553821465
"779",6.42913631608194,4.68532569256904
"780",28.1011433237494,5.34091256272629
"781",22.6725668633792,4.82889367939707
"782",6.07964483068741,5.0523195591781
"783",4.32401164593881,6.24012157780868
"784",3.95675448679781,4.50697992587313
"785",9.94228791403484,4.41397201272794
"786",1.78306822897866,5.38526259618894
"787",1.25997193390504,5.39228296031829
"788",0.239485767299109,4.45869929790477
"789",0.529547316586073,4.79755199090588
"790",13.8430853461133,5.63194372552849
"791",1.50392809649929,4.74349924862701
"792",0.38445514626801,4.76813094665351
"793",4.52704178148365,5.0078503915655
"794",9.43979266988945,4.65623529402963
"795",1.09454407123849,4.19248191253254
"796",0.827692582527269,4.29136051485108
"797",0.174901117570698,4.31118929465254
"798",0.173616244451552,5.90488023289843
"799",0.620170267518236,4.64146938059429
"800",1.32020131605146,5.09538223154706
"801",4.15601770551874,5.0433684387213
"802",10.9500456688212,4.61456751993242
"803",3.59101302057898,4.5728208384234
"804",0.078376391902566,4.3204632508359
"805",4.22047416082475,5.58767231718322
"806",2.50114007620141,5.79734669148568
"807",0.915280438493937,4.08377927004563
"808",1.38372359797359,4.53942844004162
"809",2.73262452799827,4.38920787731826
"810",2.46152230305597,4.09766174607524
"811",0.501307698788021,4.79894434556673
"812",2.98025203868747,3.69892675803113
"813",5.78458275396583,5.67641030184409
"814",6.66556066812432,5.83286308975067
"815",1.74658722590295,4.3387944069471
"816",7.47497969264996,4.36374175291993
"817",2.19836028991267,4.22857181103179
"818",4.04710544717914,4.90714485651143
"819",6.56205810119814,5.48430273715224
"820",3.58673447529863,4.61174029447803
"821",11.5894486655699,5.9343826534122
"822",0.0774036743678153,5.20081081590474
"823",23.2452546978805,4.32308516294483
"824",3.79351708447121,5.35402575089884
"825",3.08982142712921,6.83251873022154
"826",7.16798080089402,5.87213194626261
"827",1.16898413514718,4.77011703747752
"828",1.87041525030509,4.13208203202847
"829",0.828909103292972,4.02458353910601
"830",9.52316411728871,5.97889114523703
"831",7.45562035619074,5.17620995477593
"832",0.408196828793734,3.76695928315223
"833",4.61822841761118,6.40138575908965
"834",4.90043285285518,4.98668992054201
"835",0.328041668981314,5.25834618190716
"836",3.54281597482902,4.80741137453957
"837",6.63628046379841,4.61258370511937
"838",6.27207573220623,5.86809418115021
"839",15.0185584268513,4.20160212124337
"840",3.73097145763719,5.11630329084931
"841",7.89918966477102,4.98472054799486
"842",0.571657856765953,6.31388938137324
"843",5.91274451909071,6.0917607419432
"844",1.51158811990172,6.57126547453274
"845",10.7872534536694,3.65989861381361
"846",5.88017849230623,5.40866705174916
"847",1.83690581005067,5.06860296656069
"848",0.908227046020329,4.72521705732729
"849",0.49209998222068,5.76544005477667
"850",0.283479897771031,5.45148622897402
"851",1.57287836773321,5.88794066686796
"852",2.18645034823567,5.46132276677373
"853",16.1372158295455,6.6605339535349
"854",9.55788835841131,5.93209371356625
"855",2.33240144094452,5.14293701182374
"856",0.674860996659845,4.7699755291429
"857",2.08035204326734,4.08436717652559
"858",3.59128217657513,4.63941538968795
"859",11.3970711535369,4.92869011600846
"860",4.16454997358328,6.5255869100567
"861",5.41193649151778,4.26201118388762
"862",5.75810656396157,4.95816294539339
"863",8.67874775971186,5.2005783725071
"864",10.4655376295591,4.77580525895382
"865",5.76105190420008,5.20982962298791
"866",11.1046070878612,5.65359654612441
"867",9.69595457385194,5.13068901699993
"868",3.01252176752314,5.83703456418039
"869",10.1751905942561,5.09832050120703
"870",1.13358323462307,4.60832883008738
"871",7.58850559550238,5.87156763025123
"872",5.9176463166014,5.4665659353572
"873",0.090627227909863,5.42346197068445
"874",2.2113940003328,4.94556811307217
"875",0.269184585195035,5.96507825110806
"876",3.61261561957604,3.30512808194167
"877",6.29092685857272,4.36667883623486
"878",0.629891641179866,4.34966350326308
"879",10.4786303726243,4.70034062771687
"880",20.3402245313603,4.89362476467761
"881",1.14493591826762,5.16633513167116
"882",6.24961165596955,3.84184220208674
"883",11.7828733560847,6.52227340086202
"884",1.04272127151489,5.17635638835509
"885",1.67556669508687,5.98001207402015
"886",1.90024480376578,4.4950591391439
"887",4.45891522552251,4.9335650092777
"888",0.733465235680342,5.41997462201925
"889",13.0034354974734,4.97737833604943
"890",5.38968104382461,4.86214888823097
"891",5.37138533291823,5.09325640269308
"892",2.90928785689175,5.23371930352678
"893",0.569652973208576,4.65090169004071
"894",1.90015620319173,5.70575611671568
"895",2.7749989181757,4.82840243354724
"896",2.11537754625017,4.10866980363576
"897",5.81050487663506,4.67276680228086
"898",4.27263016791499,3.74882306827325
"899",17.3772503044879,3.68269325892164
"900",3.00160198938102,4.93013452750938
"901",9.36031210194242,4.63756637398321
"902",1.2290999898687,4.11862940010984
"903",2.287088772282,5.50362344739135
"904",0.675185010768473,4.9729663597256
"905",6.12475503215051,6.08742486481589
"906",1.96302900090814,4.76553969119969
"907",9.35429984661651,4.42489011651813
"908",1.22486657937913,4.93150571329966
"909",2.57894017267972,5.52996490034737
"910",5.43320494217283,5.47102774687511
"911",3.11514992732555,5.12976353135262
"912",1.17696804460138,5.26347395438221
"913",1.5359077998437,4.48499263598835
"914",3.05940198944882,5.16769496578291
"915",1.1187522020191,4.46137160565192
"916",3.01295451819897,3.77457812620862
"917",7.51987570529382,5.32929604268073
"918",2.54104183986783,6.58028262002998
"919",0.303050763905048,3.90005804716606
"920",1.01004044993948,4.24951318322183
"921",11.1063934336746,4.33624348449764
"922",23.5414024616096,5.26488794253664
"923",10.1257695719124,4.96766291905294
"924",5.8092488858611,6.1641671469417
"925",9.88409638362837,4.03413285081419
"926",8.77776029477728,4.28738091622939
"927",0.698358397930861,3.602360600631
"928",8.06219467851234,4.13947190618837
"929",21.899828853688,4.51475147709633
"930",1.99924397039266,4.64391586340293
"931",5.78536879250264,5.21092399070519
"932",2.1242910460569,5.88028059821252
"933",5.44266602469093,4.91015788773551
"934",8.64529232848303,4.73568303519978
"935",0.728203821927309,5.18276385433867
"936",8.34942785981012,5.75744870442543
"937",11.7378166682387,4.9421541640293
"938",4.75057176299766,4.26750078541088
"939",4.2722340391711,4.02635707765244
"940",6.20906411183483,4.70291044405023
"941",0.521480451041029,5.41148200736034
"942",0.596204425673932,3.89654989242473
"943",10.219675823626,5.42796343286927
"944",4.45146028206883,4.56248095643612
"945",3.13665837282315,5.27486918251085
"946",9.57984455819142,4.87628383301819
"947",6.88974762314415,5.40445864282406
"948",1.3500166637823,4.45595435846667
"949",1.03185740532354,4.69476298145429
"950",4.67421090675002,4.71794731293925
"951",2.83960437324236,5.83526832721984
"952",7.48232270304845,5.04805991898717
"953",0.213246215134859,3.84918872073767
"954",5.24272856281555,5.11856425127149
"955",1.23878785819772,5.57949461756694
"956",0.60682187476851,4.2589458714619
"957",2.76625777361915,4.99132795203666
"958",6.46770753411061,5.98776425350348
"959",7.95209749559772,4.17251655624209
"960",0.358528782415735,5.52825072432596
"961",1.17415012791753,4.79415437847491
"962",7.23865155088616,4.48180162415535
"963",0.301411242167577,4.55326551982283
"964",4.91519461364901,5.89379437217496
"965",0.883859225730887,4.47126245640425
"966",4.85244563294059,6.12312487763524
"967",10.5618439360033,5.16034607748079
"968",7.17205790760827,3.72914984527619
"969",14.4750563791933,5.10303286062293
"970",3.58701055735801,6.55677582109487
"971",1.37914934428409,6.51509359320016
"972",18.2017553866583,4.36226552889965
"973",0.23842708948538,4.86191832207494
"974",1.19119454175234,4.54372224224028
"975",0.339114473709583,5.67400981888691
"976",1.98651395272464,4.45678343374581
"977",5.42400368468321,5.43874086996071
"978",8.50696665192855,3.96494089994912
"979",5.1854304501549,5.66095622009838
"980",2.14591146446764,3.78898034699139
"981",1.60723516950384,6.69949863906976
"982",1.88707524677739,4.75462348436229
"983",1.90135103877776,5.0425621542396
"984",0.643652305518876,4.55996287065447
"985",1.60907873338514,5.30596189983483
"986",1.53184675844386,5.31695349899289
"987",0.7036825385876,5.71455985257134
"988",1.54632909056033,4.28714202425738
"989",9.30493731940997,4.37912754430037
"990",1.19929094798863,5.20263011537481
"991",0.00804436393082142,4.77833895254596
"992",2.2848242870532,4.82858408389275
"993",4.69589810482841,4.91802648785202
"994",1.68654988752678,6.21813375845521
"995",2.18081293536693,4.72618297185944
"996",8.30893469001067,5.96971931282225
"997",2.30655358871445,4.99880348684035
"998",9.65583692262781,4.24848581371672
"999",11.0527492352081,4.16900818418656
"1000",12.0268040063187,4.8243755589877
